datetime,sales,temp
2024-01-01 00:00:00,101.49496830326677,13.910397963271052
2024-01-01 01:00:00,102.80362000288879,13.715126564632676
2024-01-01 02:00:00,105.37133246758523,15.967088284139434
2024-01-01 03:00:00,108.7809642774882,17.88128700397997
2024-01-01 04:00:00,108.5437540486662,19.81118581928741
2024-01-01 05:00:00,111.60190504478064,20.931691565105204
2024-01-01 06:00:00,111.28817339040407,23.494679528074137
2024-01-01 07:00:00,109.68073877484677,27.594215392906587
2024-01-01 08:00:00,107.52786722733916,26.997107514167332
2024-01-01 09:00:00,107.32489274769576,27.657611559257237
2024-01-01 10:00:00,105.11926885805299,27.329674612538373
2024-01-01 11:00:00,103.35399610897818,28.73129162776481
2024-01-01 12:00:00,99.45152202705792,27.679317581219426
2024-01-01 13:00:00,97.54420913236599,25.644520127783444
2024-01-01 14:00:00,96.74152162083516,23.487149254491598
2024-01-01 15:00:00,92.46985361467023,20.995091857656828
2024-01-01 16:00:00,93.12189832008308,18.51943768026152
2024-01-01 17:00:00,91.31789455815519,18.02037984484752
2024-01-01 18:00:00,92.05057510432238,15.286189430715575
2024-01-01 19:00:00,92.4011209781219,13.682026966686083
2024-01-01 20:00:00,91.13350153766822,12.875395800425235
2024-01-01 21:00:00,95.25150279901878,11.843125248171775
2024-01-01 22:00:00,95.9397601542344,11.62322568842912
2024-01-01 23:00:00,100.45596058865554,12.662339306942705
2024-01-02 00:00:00,101.66036006322288,12.945983120087977
2024-01-02 01:00:00,104.74260133577636,13.735076362212629
2024-01-02 02:00:00,107.06869166654954,17.056937946955504
2024-01-02 03:00:00,107.9276690052194,17.443673338804576
2024-01-02 04:00:00,110.81448462166006,20.52779853853
2024-01-02 05:00:00,110.20538877030282,22.28311758160365
2024-01-02 06:00:00,111.68738766668166,26.899356941705225
2024-01-02 07:00:00,112.11266970711941,25.354700385170055
2024-01-02 08:00:00,110.1225172127341,28.379500489566116
2024-01-02 09:00:00,108.15196712060329,26.927014719400674
2024-01-02 10:00:00,105.12981530274446,26.798437359437873
2024-01-02 11:00:00,104.14272352279428,29.17860654815681
2024-01-02 12:00:00,101.19850633542094,26.748635023118155
2024-01-02 13:00:00,101.67310233779443,26.072362150617163
2024-01-02 14:00:00,95.97375648252215,22.73921853150539
2024-01-02 15:00:00,95.65606147591576,22.399642209949697
2024-01-02 16:00:00,94.90374242914231,19.630733999890282
2024-01-02 17:00:00,92.35201086112116,18.159422290752488
2024-01-02 18:00:00,92.94616107196752,14.878623933245128
2024-01-02 19:00:00,91.71587770173494,12.451303031725782
2024-01-02 20:00:00,93.50258167627332,11.65753549270109
2024-01-02 21:00:00,94.94386887098892,12.636769812855448
2024-01-02 22:00:00,96.98635942782488,12.138683156248648
2024-01-02 23:00:00,100.4892318576762,12.471481682183342
2024-01-03 00:00:00,101.27466336239078,12.966345736232597
2024-01-03 01:00:00,104.50436152477016,15.50093070533088
2024-01-03 02:00:00,109.11138217069161,16.26430328566298
2024-01-03 03:00:00,109.69003431107951,18.07818258592036
2024-01-03 04:00:00,112.47083916877857,20.05895810715077
2024-01-03 05:00:00,112.13098844833789,23.04121330808572
2024-01-03 06:00:00,112.75115171201891,24.48759581019852
2024-01-03 07:00:00,112.3363153428402,27.441030921789917
2024-01-03 08:00:00,111.38300005619521,27.387725859410622
2024-01-03 09:00:00,108.93749291884941,27.610041187494737
2024-01-03 10:00:00,107.89374237679355,28.17916982386981
2024-01-03 11:00:00,106.33949209946012,26.88004952457867
2024-01-03 12:00:00,104.88612297281466,26.091421590903938
2024-01-03 13:00:00,101.72526511628881,25.023007885809637
2024-01-03 14:00:00,98.78512276965724,22.12411648626233
2024-01-03 15:00:00,95.21394083944807,20.482853444187967
2024-01-03 16:00:00,94.53870848154742,19.154219984240864
2024-01-03 17:00:00,95.71281948663943,15.576509654849282
2024-01-03 18:00:00,93.28566572019838,16.21958675074536
2024-01-03 19:00:00,95.42139729483239,14.32593400840066
2024-01-03 20:00:00,93.21628374483721,13.409175230866945
2024-01-03 21:00:00,96.51474433339726,11.802981594359657
2024-01-03 22:00:00,98.66303697541994,10.948301737979715
2024-01-03 23:00:00,101.71621871933182,13.290045348054404
2024-01-04 00:00:00,103.59643883719635,13.381689075612659
2024-01-04 01:00:00,105.88535925133316,15.971117857376509
2024-01-04 02:00:00,108.90779324978756,15.894050727766512
2024-01-04 03:00:00,109.98050320675188,17.838216084226776
2024-01-04 04:00:00,112.8558733277631,18.987909807542472
2024-01-04 05:00:00,114.09978728063243,22.61309099950818
2024-01-04 06:00:00,114.73450317097877,25.854987934454325
2024-01-04 07:00:00,115.42678630491592,24.347293016737694
2024-01-04 08:00:00,113.52480812330495,27.221716282424374
2024-01-04 09:00:00,112.10966590740647,26.197248109325532
2024-01-04 10:00:00,109.39414077438146,26.411829009994992
2024-01-04 11:00:00,106.94443232751904,27.627925411948418
2024-01-04 12:00:00,103.84890784359438,26.668146586258512
2024-01-04 13:00:00,102.02465837223959,26.77234872244761
2024-01-04 14:00:00,98.6830448881268,23.491366898655468
2024-01-04 15:00:00,98.65629820166339,21.298229397925464
2024-01-04 16:00:00,95.36843524127927,16.85264993815265
2024-01-04 17:00:00,95.27319426334651,18.74681419169656
2024-01-04 18:00:00,93.32645433133543,15.745211370344208
2024-01-04 19:00:00,96.2708801222069,14.730635816987768
2024-01-04 20:00:00,95.80670700885703,13.500708770861799
2024-01-04 21:00:00,97.23577099557338,12.613339677154329
2024-01-04 22:00:00,100.4909553022119,12.162812345671531
2024-01-04 23:00:00,99.84779480208073,11.424878386991855
2024-01-05 00:00:00,104.49126802823203,13.640742716953719
2024-01-05 01:00:00,108.26262721744088,14.130478287463724
2024-01-05 02:00:00,111.33150513648604,15.48528632801823
2024-01-05 03:00:00,109.89697702279163,18.04333710666876
2024-01-05 04:00:00,114.01595953128717,19.948618651408626
2024-01-05 05:00:00,115.0877667506929,23.59964901104302
2024-01-05 06:00:00,115.21294043641943,24.826624765199856
2024-01-05 07:00:00,116.44492664876876,25.57234060846255
2024-01-05 08:00:00,112.63046224263714,28.4439559919525
2024-01-05 09:00:00,112.01818179670235,29.197843987214192
2024-01-05 10:00:00,110.59124465017945,27.79190124455711
2024-01-05 11:00:00,108.78053273242261,25.765270108750695
2024-01-05 12:00:00,104.33197013288965,26.95280702464726
2024-01-05 13:00:00,103.9224252778097,24.87712221678629
2024-01-05 14:00:00,100.09994987701559,24.21356081311913
2024-01-05 15:00:00,97.38512529384927,22.959010879836526
2024-01-05 16:00:00,98.13687722986259,19.581659108475055
2024-01-05 17:00:00,95.4788819845591,16.92380591269309
2024-01-05 18:00:00,95.39284926236145,15.21157335198851
2024-01-05 19:00:00,95.36215641234736,14.403338320656918
2024-01-05 20:00:00,96.2736987664321,12.867821371530962
2024-01-05 21:00:00,98.79631421250771,11.747640044414227
2024-01-05 22:00:00,100.72107022327491,12.013121516225443
2024-01-05 23:00:00,102.2132745928204,12.322900731413762
2024-01-06 00:00:00,106.15792735263906,12.738664366891063
2024-01-06 01:00:00,108.01809774463642,14.827318803600447
2024-01-06 02:00:00,111.08733581462164,15.54076473400525
2024-01-06 03:00:00,113.43892089061922,15.303391614085479
2024-01-06 04:00:00,114.69913608557252,20.094709395811858
2024-01-06 05:00:00,114.98787517823652,21.390551847138404
2024-01-06 06:00:00,114.57746838300748,24.783007893114917
2024-01-06 07:00:00,115.41903676535357,24.953554096569704
2024-01-06 08:00:00,116.80492712487678,25.841503181936062
2024-01-06 09:00:00,113.02589608435851,28.4203194630283
2024-01-06 10:00:00,109.77026012967369,27.797779723942575
2024-01-06 11:00:00,110.1323910130655,28.33753683071606
2024-01-06 12:00:00,105.45282984136203,30.236726159632582
2024-01-06 13:00:00,104.51493593741182,24.50522174757687
2024-01-06 14:00:00,100.64021650768443,22.651052970477586
2024-01-06 15:00:00,99.56229996065026,20.06369422957298
2024-01-06 16:00:00,96.4645350532044,19.059040049708713
2024-01-06 17:00:00,97.99233181876887,16.245102542534077
2024-01-06 18:00:00,95.50843541593306,15.009430900088274
2024-01-06 19:00:00,99.38329025321985,14.144360088548876
2024-01-06 20:00:00,97.13111665015924,12.126481155769351
2024-01-06 21:00:00,100.35996573297648,12.950113832004845
2024-01-06 22:00:00,103.16028966414072,12.502131015500021
2024-01-06 23:00:00,105.59662385174468,12.088234664883363
2024-01-07 00:00:00,108.04276344417652,15.490306358955198
2024-01-07 01:00:00,110.48435499939097,15.284223104181363
2024-01-07 02:00:00,112.62952805489147,16.96827588919087
2024-01-07 03:00:00,115.4283484843871,18.279385449053873
2024-01-07 04:00:00,116.68324577996482,23.115485706656024
2024-01-07 05:00:00,116.27458084139766,22.54485112018412
2024-01-07 06:00:00,118.85936759044107,25.70357163416149
2024-01-07 07:00:00,117.37372664434501,25.660999524194615
2024-01-07 08:00:00,115.09948321627185,27.398052283947287
2024-01-07 09:00:00,114.35790241735212,27.47080328492406
2024-01-07 10:00:00,112.75596837474491,27.037560215063245
2024-01-07 11:00:00,109.979130820405,28.491087814172015
2024-01-07 12:00:00,108.58770191157673,23.966190579487577
2024-01-07 13:00:00,104.41766379067325,24.87559905979456
2024-01-07 14:00:00,101.32985664251314,22.771688666471544
2024-01-07 15:00:00,101.880727184672,23.62871624794795
2024-01-07 16:00:00,100.34044542110985,21.235517460087625
2024-01-07 17:00:00,98.03657656646324,18.43022897971038
2024-01-07 18:00:00,99.43162641245502,14.219974123655843
2024-01-07 19:00:00,98.79598274615572,12.31857139249797
2024-01-07 20:00:00,100.07418310342868,12.962123561197155
2024-01-07 21:00:00,100.05260596595505,12.942327587544682
2024-01-07 22:00:00,103.94609610600034,12.347268126978198
2024-01-07 23:00:00,104.5870071877375,12.085544994302948
2024-01-08 00:00:00,109.57924125873247,13.371737407684005
2024-01-08 01:00:00,111.19956708733659,15.726713018962508
2024-01-08 02:00:00,113.86788134332402,18.7301848424735
2024-01-08 03:00:00,116.31313270857518,20.119024249592172
2024-01-08 04:00:00,116.59877601192194,19.962370004211518
2024-01-08 05:00:00,118.42991217451986,23.87664965039353
2024-01-08 06:00:00,120.24683461112618,25.109034052409772
2024-01-08 07:00:00,118.65403639068631,25.11665089084522
2024-01-08 08:00:00,116.9840616135828,28.341702884872397
2024-01-08 09:00:00,115.84193998259418,28.127518316533656
2024-01-08 10:00:00,115.50403946139353,28.27893063268548
2024-01-08 11:00:00,111.84939142556883,26.988594948386304
2024-01-08 12:00:00,108.37562406185363,27.39887293763333
2024-01-08 13:00:00,106.03045569511288,26.006611261946183
2024-01-08 14:00:00,104.14226716477441,24.8324097901411
2024-01-08 15:00:00,103.02608264991386,19.56438330082238
2024-01-08 16:00:00,101.51065725608547,18.57279394860476
2024-01-08 17:00:00,98.4054703991524,18.030724191938127
2024-01-08 18:00:00,100.4382563274601,15.104809886431555
2024-01-08 19:00:00,100.1320305570603,13.045590167252353
2024-01-08 20:00:00,99.94128605381002,12.18016036980267
2024-01-08 21:00:00,103.70854860638347,11.055612166642224
2024-01-08 22:00:00,105.9430450619054,12.15985491065959
2024-01-08 23:00:00,107.23234981725525,13.927848182591033
2024-01-09 00:00:00,111.76610016093633,12.16265831670411
2024-01-09 01:00:00,112.85921228602913,13.578746314940162
2024-01-09 02:00:00,114.30171644577577,16.252607728410233
2024-01-09 03:00:00,117.21648559184388,19.768981826563085
2024-01-09 04:00:00,119.03864718983351,20.48851553093745
2024-01-09 05:00:00,119.75129380823466,23.68162494380765
2024-01-09 06:00:00,118.84793518644278,23.702970404804823
2024-01-09 07:00:00,120.39485950056913,27.1372778254401
2024-01-09 08:00:00,117.70441866462073,26.358326528978438
2024-01-09 09:00:00,116.42598208016902,28.964621795260285
2024-01-09 10:00:00,114.65442523241948,28.69577823480977
2024-01-09 11:00:00,112.55829976356058,26.843021143419655
2024-01-09 12:00:00,111.23503415418763,27.55358270524864
2024-01-09 13:00:00,107.70386290290432,25.872323601588757
2024-01-09 14:00:00,105.50035177898272,23.953943572331323
2024-01-09 15:00:00,102.65964087184412,20.58809499631641
2024-01-09 16:00:00,101.77194066017144,19.14391427648168
2024-01-09 17:00:00,100.46122219469858,17.554841211139706
2024-01-09 18:00:00,100.2388147124427,15.658134239795546
2024-01-09 19:00:00,99.73475821957005,13.033596170744607
2024-01-09 20:00:00,101.2186634378269,12.201534058437758
2024-01-09 21:00:00,103.26179330353678,12.599475475154623
2024-01-09 22:00:00,105.82694491284047,12.846752151960704
2024-01-09 23:00:00,108.8420046127302,11.44482943371887
2024-01-10 00:00:00,109.27135390837712,12.490682634826875
2024-01-10 01:00:00,113.67844628717987,13.976747390492621
2024-01-10 02:00:00,116.18019966598702,18.09958993853856
2024-01-10 03:00:00,117.96962087382799,17.247315778474405
2024-01-10 04:00:00,119.47255098509774,21.208976500713508
2024-01-10 05:00:00,118.85475540336546,23.24803502381149
2024-01-10 06:00:00,120.38727992779388,23.529889570785894
2024-01-10 07:00:00,119.64821613672667,26.012571078965436
2024-01-10 08:00:00,120.70374093612611,26.589407084286762
2024-01-10 09:00:00,119.47009880796212,27.793900553028585
2024-01-10 10:00:00,116.05272847744482,28.718534623266052
2024-01-10 11:00:00,112.99425002705239,27.742963648598277
2024-01-10 12:00:00,110.8421201745294,26.505841645977867
2024-01-10 13:00:00,108.43949002084048,26.096802507739902
2024-01-10 14:00:00,106.59542645237092,24.943101036998648
2024-01-10 15:00:00,103.92441998244624,20.528437689510298
2024-01-10 16:00:00,102.38222803050151,18.688907270202957
2024-01-10 17:00:00,102.41480996564988,18.89412855688196
2024-01-10 18:00:00,101.55002127232028,15.96984283229202
2024-01-10 19:00:00,101.28638650450499,15.106822251051243
2024-01-10 20:00:00,102.31498989732526,12.778547927124329
2024-01-10 21:00:00,103.86126803570963,12.982848530527333
2024-01-10 22:00:00,106.54453328059023,13.50954940096463
2024-01-10 23:00:00,109.33202520933027,12.178028211724731
2024-01-11 00:00:00,112.95723691116761,11.380504658528242
2024-01-11 01:00:00,115.34605531244979,15.103854135579613
2024-01-11 02:00:00,117.44255096047215,17.527373478798648
2024-01-11 03:00:00,119.98126302475522,18.989087821410507
2024-01-11 04:00:00,119.99498926616795,19.609342309867575
2024-01-11 05:00:00,121.48801707160759,23.049561289688814
2024-01-11 06:00:00,123.3171743593899,24.099858902036686
2024-01-11 07:00:00,121.65856053477016,27.478411720148365
2024-01-11 08:00:00,120.50179026732111,27.34557291971669
2024-01-11 09:00:00,117.85364084347462,24.919469038469597
2024-01-11 10:00:00,117.74725085742129,28.22528505647857
2024-01-11 11:00:00,115.03584133672354,29.083603643785725
2024-01-11 12:00:00,113.8660354825023,27.479369013455575
2024-01-11 13:00:00,109.39024526635995,25.261433441630853
2024-01-11 14:00:00,108.59158664198046,23.449736741663813
2024-01-11 15:00:00,105.73600896487395,20.741201406152086
2024-01-11 16:00:00,104.56642380317302,17.534871853863823
2024-01-11 17:00:00,102.25358919811669,18.175620049813244
2024-01-11 18:00:00,102.95366574612517,17.0739216553473
2024-01-11 19:00:00,103.91533132346106,13.760823781958738
2024-01-11 20:00:00,102.35510346136002,12.831350137846227
2024-01-11 21:00:00,107.72174574788264,10.17015624414319
2024-01-11 22:00:00,109.29768617843136,11.976465371618838
2024-01-11 23:00:00,110.72584178112186,11.783606330616902
2024-01-12 00:00:00,114.02472118132862,13.306131390427165
2024-01-12 01:00:00,115.31316968942735,14.784223534464088
2024-01-12 02:00:00,119.80402553515836,14.409009447553931
2024-01-12 03:00:00,120.14104928516683,17.88849835066881
2024-01-12 04:00:00,122.13587763935388,21.204370391013683
2024-01-12 05:00:00,121.03135444190121,24.949110602780056
2024-01-12 06:00:00,123.58262141197076,23.954032828877835
2024-01-12 07:00:00,120.69729836851113,24.246972396425164
2024-01-12 08:00:00,121.39471502827767,24.315635407562787
2024-01-12 09:00:00,119.86304591217798,26.838546223768937
2024-01-12 10:00:00,117.52215584419223,26.97617533899687
2024-01-12 11:00:00,117.1564364924562,27.15242921666168
2024-01-12 12:00:00,114.03051049886605,24.948258233347072
2024-01-12 13:00:00,112.14014258820563,25.491401663278133
2024-01-12 14:00:00,109.32254068488157,21.58213057434687
2024-01-12 15:00:00,105.96413040447233,23.837541903495648
2024-01-12 16:00:00,104.5825815682886,21.418297782978037
2024-01-12 17:00:00,104.23450386057483,17.81668506204906
2024-01-12 18:00:00,103.28155980010119,15.832448623166417
2024-01-12 19:00:00,103.24751485860796,13.293712322592617
2024-01-12 20:00:00,105.88242471428805,13.330952311086685
2024-01-12 21:00:00,108.07727813108843,13.252683092028276
2024-01-12 22:00:00,110.19917796856295,13.099792074062336
2024-01-12 23:00:00,112.6440894492907,11.354437126881445
2024-01-13 00:00:00,115.73730681490295,11.960930901289256
2024-01-13 01:00:00,116.55018464025453,13.309845664685772
2024-01-13 02:00:00,119.76701249602823,15.379109943859918
2024-01-13 03:00:00,121.79863342705822,15.981808239457516
2024-01-13 04:00:00,122.22452131476716,20.423413348949822
2024-01-13 05:00:00,124.17036299279485,21.231459098555597
2024-01-13 06:00:00,124.7000425389287,23.198197755471142
2024-01-13 07:00:00,123.31774613385146,26.31270661934861
2024-01-13 08:00:00,122.75305716053666,26.679626768641192
2024-01-13 09:00:00,123.15065617920368,29.073911748109857
2024-01-13 10:00:00,120.46744201452553,27.666877832164566
2024-01-13 11:00:00,116.72709004151697,28.496551759961672
2024-01-13 12:00:00,115.8448661980406,26.959024174210835
2024-01-13 13:00:00,111.83391420142796,23.17779119370525
2024-01-13 14:00:00,109.57125253828298,22.79383636463459
2024-01-13 15:00:00,107.81626727996068,22.572298694440235
2024-01-13 16:00:00,106.79294423919191,19.976709223805155
2024-01-13 17:00:00,103.90543150544062,18.16683421032043
2024-01-13 18:00:00,105.73366549190642,14.283290707074379
2024-01-13 19:00:00,105.49294229918583,13.306523620920629
2024-01-13 20:00:00,107.66767511600496,10.950456033431273
2024-01-13 21:00:00,108.55483387533748,11.971830593024114
2024-01-13 22:00:00,110.17698459478679,10.16510823383077
2024-01-13 23:00:00,113.19385883247004,12.54679357700744
2024-01-14 00:00:00,117.09071112307649,13.299012653772241
2024-01-14 01:00:00,118.21338731835068,14.687637208900053
2024-01-14 02:00:00,119.51728948656641,15.557702673879259
2024-01-14 03:00:00,122.69314006575351,17.91929590273199
2024-01-14 04:00:00,125.31926643511014,20.136904789278155
2024-01-14 05:00:00,123.79339304537527,22.79791776686021
2024-01-14 06:00:00,124.84207395019158,25.20510004239527
2024-01-14 07:00:00,126.14110618158838,25.277729742061098
2024-01-14 08:00:00,124.1749363530693,27.624831977455635
2024-01-14 09:00:00,125.51480972201935,26.41841546085781
2024-01-14 10:00:00,121.26759937875634,26.701863742533927
2024-01-14 11:00:00,120.03778067364138,25.38997964824537
2024-01-14 12:00:00,115.47027227869769,26.78434791484851
2024-01-14 13:00:00,112.98946119158018,25.651712905726153
2024-01-14 14:00:00,109.98136719253719,24.30980418863712
2024-01-14 15:00:00,108.4083672163385,21.775632774590424
2024-01-14 16:00:00,106.71411867897245,19.10644571300571
2024-01-14 17:00:00,107.05173904990532,17.482364035222496
2024-01-14 18:00:00,105.67996772061957,16.64039658580064
2024-01-14 19:00:00,106.6678977957758,12.14320418836666
2024-01-14 20:00:00,108.52689208194421,13.806868254806444
2024-01-14 21:00:00,108.86022832491209,14.026957408152017
2024-01-14 22:00:00,112.08503815958248,12.203008109614597
2024-01-14 23:00:00,112.79720975977034,12.627239183031604
2024-01-15 00:00:00,118.61191485249942,14.844271152101681
2024-01-15 01:00:00,119.01577819991586,14.835779724097334
2024-01-15 02:00:00,122.45097770369303,16.592353440640547
2024-01-15 03:00:00,123.2374403751058,17.37408131726776
2024-01-15 04:00:00,124.88740308134844,20.061202957549163
2024-01-15 05:00:00,124.69842215864188,20.86058655212235
2024-01-15 06:00:00,127.89380907718746,24.29163228143695
2024-01-15 07:00:00,126.08318966593615,25.669971423125467
2024-01-15 08:00:00,126.0061642008114,27.123431346845145
2024-01-15 09:00:00,123.52695722646556,26.735307144204175
2024-01-15 10:00:00,121.18498898041048,28.995373597076636
2024-01-15 11:00:00,119.99143876908502,25.756243571045236
2024-01-15 12:00:00,118.54394128656793,27.17820421016434
2024-01-15 13:00:00,114.35050110509374,26.054716760286635
2024-01-15 14:00:00,115.30894734235216,24.605814273551708
2024-01-15 15:00:00,109.92622307892374,22.032841618396585
2024-01-15 16:00:00,109.95677852151788,20.30816337328595
2024-01-15 17:00:00,107.68494712924988,17.586160337003577
2024-01-15 18:00:00,108.09167927048937,14.881858117212627
2024-01-15 19:00:00,108.7785706090479,14.493288694528264
2024-01-15 20:00:00,109.95366782533083,12.147683441942668
2024-01-15 21:00:00,112.18460102884161,10.626314924665378
2024-01-15 22:00:00,112.63247883627805,11.816107159743828
2024-01-15 23:00:00,115.61994867100941,12.36989853754857
2024-01-16 00:00:00,117.90158306523315,13.047239791356038
2024-01-16 01:00:00,120.91890077077278,16.185948874719102
2024-01-16 02:00:00,121.36204452590732,17.330991765305573
2024-01-16 03:00:00,126.20233509322905,19.900726647189625
2024-01-16 04:00:00,127.63020668720074,20.76526682605668
2024-01-16 05:00:00,128.31178610624036,21.890763360533985
2024-01-16 06:00:00,128.1552289005668,23.31426493246919
2024-01-16 07:00:00,128.54531327373132,24.02025194868509
2024-01-16 08:00:00,126.80424925745226,24.468610620347956
2024-01-16 09:00:00,125.85018338488753,26.26522256268703
2024-01-16 10:00:00,122.92994240155062,27.162556506780774
2024-01-16 11:00:00,120.50241764209267,27.38608461920315
2024-01-16 12:00:00,119.3327757905233,27.51840165786251
2024-01-16 13:00:00,115.36250676257028,25.841515295520033
2024-01-16 14:00:00,114.13811016577496,25.250991269273072
2024-01-16 15:00:00,111.41326699499028,22.009346184040094
2024-01-16 16:00:00,109.91551559388624,16.810385180642218
2024-01-16 17:00:00,108.25913856361247,16.760225963915516
2024-01-16 18:00:00,108.0872830312599,15.429359699466486
2024-01-16 19:00:00,109.6844645194896,15.436317772948854
2024-01-16 20:00:00,111.00960320458977,12.917763383650307
2024-01-16 21:00:00,111.91237424890383,9.074744302869405
2024-01-16 22:00:00,112.59851983671263,13.322767403201464
2024-01-16 23:00:00,117.6868834578725,12.469974462332459
2024-01-17 00:00:00,119.28733547595282,11.81779659020712
2024-01-17 01:00:00,120.17103461872479,13.064772979325912
2024-01-17 02:00:00,123.77920182415818,16.14989688860247
2024-01-17 03:00:00,128.2405817576618,18.393582146435534
2024-01-17 04:00:00,126.2959594984196,20.993408670850215
2024-01-17 05:00:00,129.44132993324712,22.64478042683715
2024-01-17 06:00:00,128.6091648639412,24.147565170895998
2024-01-17 07:00:00,128.52994258657912,25.504775429203242
2024-01-17 08:00:00,129.29606670499265,27.231844561733755
2024-01-17 09:00:00,127.18806046557712,27.230938604165157
2024-01-17 10:00:00,123.74267778381333,26.67997947886155
2024-01-17 11:00:00,123.24138661453938,27.187379121534555
2024-01-17 12:00:00,116.98227095646406,27.011852423516277
2024-01-17 13:00:00,117.32546083752369,25.549313735560027
2024-01-17 14:00:00,114.81915992266991,24.33658527196931
2024-01-17 15:00:00,111.77420011180698,23.097348415865785
2024-01-17 16:00:00,112.21939273246161,18.184013857945242
2024-01-17 17:00:00,109.05216738684851,17.573346131303374
2024-01-17 18:00:00,108.93221995576133,15.557978954510348
2024-01-17 19:00:00,111.01333784055971,15.209930617134663
2024-01-17 20:00:00,110.88886311654936,13.013242530321879
2024-01-17 21:00:00,113.13575915809938,10.754731285693525
2024-01-17 22:00:00,114.54637598771785,11.751160630893603
2024-01-17 23:00:00,117.57092453717341,11.983591120566361
2024-01-18 00:00:00,119.55341343545606,14.957391710353292
2024-01-18 01:00:00,121.14018542165051,15.015585935466133
2024-01-18 02:00:00,126.37196991263127,13.883424127644545
2024-01-18 03:00:00,128.1229531630608,18.60336312518487
2024-01-18 04:00:00,128.53356807311238,20.399842745367792
2024-01-18 05:00:00,132.0900403641547,23.246251030761965
2024-01-18 06:00:00,131.95724247202338,26.114908003701213
2024-01-18 07:00:00,130.71349346280073,25.707399800172986
2024-01-18 08:00:00,129.05337343031675,27.358642483244786
2024-01-18 09:00:00,129.04004582121232,28.10459196900126
2024-01-18 10:00:00,126.97041055750753,26.61163231328748
2024-01-18 11:00:00,124.78350657915938,27.088757557684563
2024-01-18 12:00:00,121.72689817626352,27.30176556574532
2024-01-18 13:00:00,119.13938658993732,24.514883317179745
2024-01-18 14:00:00,117.34974885961233,26.299679975585676
2024-01-18 15:00:00,113.0162006056278,21.867660139578604
2024-01-18 16:00:00,112.88218242475808,20.54854202152211
2024-01-18 17:00:00,112.38828169312534,18.337996051220113
2024-01-18 18:00:00,111.20898894331704,15.293856828776912
2024-01-18 19:00:00,112.99883044397228,14.531506085314437
2024-01-18 20:00:00,112.80884105371865,12.264973942120001
2024-01-18 21:00:00,114.97106589661479,11.552838648521401
2024-01-18 22:00:00,116.86580272264074,10.11716666798559
2024-01-18 23:00:00,117.55720942754085,12.91767063580154
2024-01-19 00:00:00,120.27854602838526,14.748344188239916
2024-01-19 01:00:00,124.26537276375876,15.192177657440125
2024-01-19 02:00:00,125.92550640875018,16.735473533509996
2024-01-19 03:00:00,125.86131788880661,20.0249483500776
2024-01-19 04:00:00,132.8283172702901,19.658072424544578
2024-01-19 05:00:00,132.374911559671,22.52870436560121
2024-01-19 06:00:00,133.07281779805965,23.42059094152292
2024-01-19 07:00:00,132.04143553958988,25.193044839597523
2024-01-19 08:00:00,131.52934012610982,27.060632735477913
2024-01-19 09:00:00,129.80556704667765,27.09162934244813
2024-01-19 10:00:00,127.13004099336824,28.718047051550812
2024-01-19 11:00:00,125.52289844996372,28.09124974073081
2024-01-19 12:00:00,122.24807747245522,24.95689750125142
2024-01-19 13:00:00,118.55590286630843,24.94829516075029
2024-01-19 14:00:00,116.09065047736325,22.122746352788692
2024-01-19 15:00:00,116.79001930336514,20.12576586314832
2024-01-19 16:00:00,113.35844067688545,20.106100214655346
2024-01-19 17:00:00,112.5211869986495,17.87022836519881
2024-01-19 18:00:00,113.69772320999384,16.743011533124207
2024-01-19 19:00:00,111.92549610082642,14.636306459653989
2024-01-19 20:00:00,114.67240010330467,12.214962343741105
2024-01-19 21:00:00,115.86854956720909,12.453652116532185
2024-01-19 22:00:00,117.14005677639318,11.653565053769661
2024-01-19 23:00:00,120.95210923080401,12.235111009446753
2024-01-20 00:00:00,122.11012177484321,12.409246468749542
2024-01-20 01:00:00,123.46960244652946,15.436652415019829
2024-01-20 02:00:00,128.50395948185954,17.15006032967009
2024-01-20 03:00:00,129.84518640168153,18.711574732647765
2024-01-20 04:00:00,131.17371961339674,19.76928999157521
2024-01-20 05:00:00,132.68399177700329,23.69256967105621
2024-01-20 06:00:00,130.41495388322483,22.999758499066974
2024-01-20 07:00:00,134.44654212530534,26.403491086499113
2024-01-20 08:00:00,131.5949282294911,26.24223450656201
2024-01-20 09:00:00,131.41509592009618,26.271697439803695
2024-01-20 10:00:00,128.7495516809677,29.14698049463934
2024-01-20 11:00:00,126.01664135866632,29.19442704879252
2024-01-20 12:00:00,124.3087177027356,26.691910983249976
2024-01-20 13:00:00,121.65427368500282,24.212631309126394
2024-01-20 14:00:00,118.84498847256692,23.382119703407984
2024-01-20 15:00:00,119.26203323706368,21.953151593428334
2024-01-20 16:00:00,116.09528722381987,19.108255785470263
2024-01-20 17:00:00,114.68679232361772,16.146665035354964
2024-01-20 18:00:00,113.89156236206408,15.426260032399384
2024-01-20 19:00:00,115.61782559258985,11.73117914064867
2024-01-20 20:00:00,114.24383896786209,13.68610358151932
2024-01-20 21:00:00,116.95652306132438,10.691705691277033
2024-01-20 22:00:00,119.14224428401603,10.966527733688858
2024-01-20 23:00:00,120.74181816543673,11.835942964201918
2024-01-21 00:00:00,123.72636882694056,12.542621559822237
2024-01-21 01:00:00,126.41340053105843,14.235222157698242
2024-01-21 02:00:00,127.89559439706827,16.598460360519386
2024-01-21 03:00:00,131.7390289157994,18.90824933517125
2024-01-21 04:00:00,133.6143639158653,21.604952962466903
2024-01-21 05:00:00,134.11654793279268,20.806412535292893
2024-01-21 06:00:00,133.2575783120591,22.26781096315666
2024-01-21 07:00:00,133.64190470154222,26.1839763780095
2024-01-21 08:00:00,132.41862991076732,26.870512806160324
2024-01-21 09:00:00,131.0095201601627,28.065935919919895
2024-01-21 10:00:00,128.68499839238274,27.65179825270175
2024-01-21 11:00:00,127.49470513623277,26.6755082533365
2024-01-21 12:00:00,124.14745098411115,25.707794903671726
2024-01-21 13:00:00,122.1363204743246,24.747434641615648
2024-01-21 14:00:00,119.26629003039291,23.21496073498225
2024-01-21 15:00:00,117.30768196727519,21.585819150520155
2024-01-21 16:00:00,115.34324530016372,19.242736742952555
2024-01-21 17:00:00,115.33176013585462,15.930666043374213
2024-01-21 18:00:00,114.64873525227253,16.288594138230984
2024-01-21 19:00:00,114.90930910611647,14.817407878477056
